{"cameraMode":{"drawMode":0,"name":"Shaded","section":"Shading Mode"},"sceneLighting":true,"audioPlay":false,"sceneViewState":{"m_AlwaysRefresh":true,"showFog":true,"showSkybox":true,"showFlares":true,"showImageEffects":true,"showParticleSystems":true,"showVisualEffectGraphs":true,"m_FxEnabled":true},"in2DMode":false,"pivot":{"x":550.3329467773438,"y":290.6402587890625,"z":0.9522618651390076},"rotation":{"x":0.05544370785355568,"y":-0.7137016654014587,"z":0.05685894936323166,"w":0.6959362626075745},"size":0.004961066879332066,"orthographic":false}